{"meta": {"format": 3, "version": "7.8.2", "timestamp": "2025-11-06T00:46:14.250636", "branch_coverage": false, "show_contexts": false}, "files": {"app/application/services/agent_service.py": {"executed_lines": [1, 2, 3, 4, 5, 7, 8, 9, 10, 11, 12, 13, 14, 15, 16, 17, 18, 19, 20, 21, 22, 23, 26, 28, 29, 41, 42, 43, 44, 45, 56, 57, 58, 60, 68, 86, 102, 113, 118, 130, 141, 147, 153, 175, 194, 216, 225, 231, 240, 252, 264], "summary": {"covered_lines": 51, "num_statements": 172, "percent_covered": 29.651162790697676, "percent_covered_display": "30", "missing_lines": 121, "excluded_lines": 0}, "missing_lines": [61, 62, 63, 64, 65, 66, 69, 72, 77, 80, 81, 83, 84, 95, 97, 98, 99, 100, 104, 105, 106, 108, 109, 110, 111, 115, 116, 120, 122, 123, 124, 125, 127, 128, 132, 134, 135, 136, 137, 138, 139, 143, 144, 145, 148, 150, 151, 155, 156, 157, 158, 159, 161, 162, 165, 166, 167, 169, 170, 171, 173, 177, 179, 180, 181, 182, 184, 185, 188, 189, 190, 192, 196, 197, 198, 199, 200, 202, 203, 206, 207, 208, 210, 211, 212, 214, 218, 219, 220, 221, 222, 223, 227, 228, 229, 233, 234, 235, 236, 237, 238, 242, 244, 245, 246, 247, 249, 250, 254, 256, 257, 258, 259, 261, 262, 266, 267, 268, 269, 270, 271], "excluded_lines": [], "functions": {"AgentService.__init__": {"executed_lines": [41, 42, 43, 44, 45, 56, 57, 58], "summary": {"covered_lines": 8, "num_statements": 8, "percent_covered": 100.0, "percent_covered_display": "100", "missing_lines": 0, "excluded_lines": 0}, "missing_lines": [], "excluded_lines": []}, "AgentService.create_session": {"executed_lines": [], "summary": {"covered_lines": 0, "num_statements": 6, "percent_covered": 0.0, "percent_covered_display": "0", "missing_lines": 6, "excluded_lines": 0}, "missing_lines": [61, 62, 63, 64, 65, 66], "excluded_lines": []}, "AgentService._create_agent": {"executed_lines": [], "summary": {"covered_lines": 0, "num_statements": 7, "percent_covered": 0.0, "percent_covered_display": "0", "missing_lines": 7, "excluded_lines": 0}, "missing_lines": [69, 72, 77, 80, 81, 83, 84], "excluded_lines": []}, "AgentService.chat": {"executed_lines": [], "summary": {"covered_lines": 0, "num_statements": 5, "percent_covered": 0.0, "percent_covered_display": "0", "missing_lines": 5, "excluded_lines": 0}, "missing_lines": [95, 97, 98, 99, 100], "excluded_lines": []}, "AgentService.get_session": {"executed_lines": [], "summary": {"covered_lines": 0, "num_statements": 7, "percent_covered": 0.0, "percent_covered_display": "0", "missing_lines": 7, "excluded_lines": 0}, "missing_lines": [104, 105, 106, 108, 109, 110, 111], "excluded_lines": []}, "AgentService.get_all_sessions": {"executed_lines": [], "summary": {"covered_lines": 0, "num_statements": 2, "percent_covered": 0.0, "percent_covered_display": "0", "missing_lines": 2, "excluded_lines": 0}, "missing_lines": [115, 116], "excluded_lines": []}, "AgentService.delete_session": {"executed_lines": [], "summary": {"covered_lines": 0, "num_statements": 7, "percent_covered": 0.0, "percent_covered_display": "0", "missing_lines": 7, "excluded_lines": 0}, "missing_lines": [120, 122, 123, 124, 125, 127, 128], "excluded_lines": []}, "AgentService.stop_session": {"executed_lines": [], "summary": {"covered_lines": 0, "num_statements": 7, "percent_covered": 0.0, "percent_covered_display": "0", "missing_lines": 7, "excluded_lines": 0}, "missing_lines": [132, 134, 135, 136, 137, 138, 139], "excluded_lines": []}, "AgentService.clear_unread_message_count": {"executed_lines": [], "summary": {"covered_lines": 0, "num_statements": 3, "percent_covered": 0.0, "percent_covered_display": "0", "missing_lines": 3, "excluded_lines": 0}, "missing_lines": [143, 144, 145], "excluded_lines": []}, "AgentService.shutdown": {"executed_lines": [], "summary": {"covered_lines": 0, "num_statements": 3, "percent_covered": 0.0, "percent_covered_display": "0", "missing_lines": 3, "excluded_lines": 0}, "missing_lines": [148, 150, 151], "excluded_lines": []}, "AgentService.shell_view": {"executed_lines": [], "summary": {"covered_lines": 0, "num_statements": 14, "percent_covered": 0.0, "percent_covered_display": "0", "missing_lines": 14, "excluded_lines": 0}, "missing_lines": [155, 156, 157, 158, 159, 161, 162, 165, 166, 167, 169, 170, 171, 173], "excluded_lines": []}, "AgentService.get_vnc_url": {"executed_lines": [], "summary": {"covered_lines": 0, "num_statements": 11, "percent_covered": 0.0, "percent_covered_display": "0", "missing_lines": 11, "excluded_lines": 0}, "missing_lines": [177, 179, 180, 181, 182, 184, 185, 188, 189, 190, 192], "excluded_lines": []}, "AgentService.file_view": {"executed_lines": [], "summary": {"covered_lines": 0, "num_statements": 14, "percent_covered": 0.0, "percent_covered_display": "0", "missing_lines": 14, "excluded_lines": 0}, "missing_lines": [196, 197, 198, 199, 200, 202, 203, 206, 207, 208, 210, 211, 212, 214], "excluded_lines": []}, "AgentService.is_session_shared": {"executed_lines": [], "summary": {"covered_lines": 0, "num_statements": 6, "percent_covered": 0.0, "percent_covered_display": "0", "missing_lines": 6, "excluded_lines": 0}, "missing_lines": [218, 219, 220, 221, 222, 223], "excluded_lines": []}, "AgentService.get_session_files": {"executed_lines": [], "summary": {"covered_lines": 0, "num_statements": 3, "percent_covered": 0.0, "percent_covered_display": "0", "missing_lines": 3, "excluded_lines": 0}, "missing_lines": [227, 228, 229], "excluded_lines": []}, "AgentService.get_shared_session_files": {"executed_lines": [], "summary": {"covered_lines": 0, "num_statements": 6, "percent_covered": 0.0, "percent_covered_display": "0", "missing_lines": 6, "excluded_lines": 0}, "missing_lines": [233, 234, 235, 236, 237, 238], "excluded_lines": []}, "AgentService.share_session": {"executed_lines": [], "summary": {"covered_lines": 0, "num_statements": 7, "percent_covered": 0.0, "percent_covered_display": "0", "missing_lines": 7, "excluded_lines": 0}, "missing_lines": [242, 244, 245, 246, 247, 249, 250], "excluded_lines": []}, "AgentService.unshare_session": {"executed_lines": [], "summary": {"covered_lines": 0, "num_statements": 7, "percent_covered": 0.0, "percent_covered_display": "0", "missing_lines": 7, "excluded_lines": 0}, "missing_lines": [254, 256, 257, 258, 259, 261, 262], "excluded_lines": []}, "AgentService.get_shared_session": {"executed_lines": [], "summary": {"covered_lines": 0, "num_statements": 6, "percent_covered": 0.0, "percent_covered_display": "0", "missing_lines": 6, "excluded_lines": 0}, "missing_lines": [266, 267, 268, 269, 270, 271], "excluded_lines": []}, "": {"executed_lines": [1, 2, 3, 4, 5, 7, 8, 9, 10, 11, 12, 13, 14, 15, 16, 17, 18, 19, 20, 21, 22, 23, 26, 28, 29, 60, 68, 86, 102, 113, 118, 130, 141, 147, 153, 175, 194, 216, 225, 231, 240, 252, 264], "summary": {"covered_lines": 43, "num_statements": 43, "percent_covered": 100.0, "percent_covered_display": "100", "missing_lines": 0, "excluded_lines": 0}, "missing_lines": [], "excluded_lines": []}}, "classes": {"AgentService": {"executed_lines": [41, 42, 43, 44, 45, 56, 57, 58], "summary": {"covered_lines": 8, "num_statements": 129, "percent_covered": 6.2015503875969, "percent_covered_display": "6", "missing_lines": 121, "excluded_lines": 0}, "missing_lines": [61, 62, 63, 64, 65, 66, 69, 72, 77, 80, 81, 83, 84, 95, 97, 98, 99, 100, 104, 105, 106, 108, 109, 110, 111, 115, 116, 120, 122, 123, 124, 125, 127, 128, 132, 134, 135, 136, 137, 138, 139, 143, 144, 145, 148, 150, 151, 155, 156, 157, 158, 159, 161, 162, 165, 166, 167, 169, 170, 171, 173, 177, 179, 180, 181, 182, 184, 185, 188, 189, 190, 192, 196, 197, 198, 199, 200, 202, 203, 206, 207, 208, 210, 211, 212, 214, 218, 219, 220, 221, 222, 223, 227, 228, 229, 233, 234, 235, 236, 237, 238, 242, 244, 245, 246, 247, 249, 250, 254, 256, 257, 258, 259, 261, 262, 266, 267, 268, 269, 270, 271], "excluded_lines": []},